24.98,77.09,0,1
48.03,85.77,1,1
39.28,47.53,1,0
33.95,73.74,1,1
16.24,70.02,0,1
16.24,88.30,0,1
12.32,93.43,0,1
44.65,30.85,1,0
34.04,77.18,1,1
38.32,33.63,1,0
10.82,68.42,0,0
48.80,50.13,1,0
43.30,51.47,1,0
18.49,54.71,0,0
17.27,73.49,0,1
17.34,53.38,0,0
22.17,81.29,0,1
30.99,58.32,0,0
27.28,34.78,0,0
21.65,84.86,0,1
34.47,50.00,1,0
15.58,60.29,0,0
21.69,77.98,0,1
24.65,53.27,0,0
28.24,33.96,0,0
41.41,56.17,1,0
17.99,96.11,0,1
30.57,74.92,0,1
33.70,77.00,0,1
11.86,74.26,0,1
34.30,43.93,1,0
16.82,59.28,0,0
12.60,82.57,0,1
47.96,37.10,1,0
48.63,49.45,1,0
42.34,49.34,1,0
22.18,60.24,0,0
13.91,98.63,0,1
37.37,34.73,1,0
27.61,66.31,0,0
14.88,42.56,0,0
29.81,97.95,0,1
11.38,37.93,0,0
46.37,58.25,1,0
20.35,81.65,0,1
36.50,79.32,1,1
22.47,59.59,0,0
30.80,54.26,0,0
31.87,57.83,0,0
17.39,48.50,0,0
48.78,44.37,1,0
41.01,63.81,1,0
47.58,48.80,1,0
45.79,50.12,1,0
33.92,75.97,1,1
46.87,97.80,1,1
13.54,72.25,0,1
17.84,35.39,0,0
11.81,35.29,0,0
23.01,96.60,0,1
25.55,50.81,0,0
20.85,36.44,0,0
43.15,71.93,1,1
24.27,73.66,0,1
21.24,75.40,0,1
31.71,48.72,0,0
15.64,31.06,0,0
42.09,97.55,1,1
12.98,47.56,0,0
49.48,77.32,1,1
40.89,79.46,1,1
17.95,72.70,0,1
10.22,51.90,0,0
42.62,48.98,1,0
38.27,71.84,1,1
39.16,90.63,1,1
40.85,96.27,1,1
12.96,37.41,0,0
24.34,40.84,0,0
14.63,96.13,0,1
44.52,81.56,1,1
34.93,91.81,1,1
23.24,44.18,0,0
12.54,71.13,0,1
22.44,79.08,0,1
23.01,77.61,0,1
39.18,58.57,1,0
35.50,31.08,1,0
45.49,70.80,1,1
28.89,47.72,0,0
14.78,61.52,0,0
38.53,97.03,1,1
40.43,57.93,1,0
32.45,88.79,0,1
40.84,43.20,1,0
29.75,77.07,0,1
30.91,98.39,0,1
27.10,37.13,0,0
11.02,30.58,0,0
14.32,60.35,0,0
11.26,36.48,0,0
35.46,82.39,1,1
22.57,94.02,0,1
30.34,60.38,0,0
46.30,48.11,1,0
19.97,60.41,0,0
26.42,80.64,0,1
40.22,30.63,1,0
19.15,71.26,0,1
13.08,72.93,0,1
21.59,74.64,0,1
16.45,46.94,0,0
47.19,79.98,1,1
42.32,36.40,1,0
35.34,43.95,1,0
44.86,91.42,1,1
42.15,81.71,1,1
17.46,30.96,0,0
45.70,47.39,1,0
31.57,45.01,1,0
42.30,48.96,1,0
45.84,47.33,1,0
22.72,34.38,0,0
14.40,62.13,0,0
19.12,81.29,0,1
27.08,72.47,0,1
42.72,77.10,1,1
44.43,35.68,1,0
10.28,96.60,0,1
30.43,88.69,0,1
26.70,86.36,0,1
18.88,87.61,0,1
14.79,95.29,0,1
23.50,68.10,0,0
47.72,44.02,1,0
22.93,73.17,0,1
30.75,82.00,0,1
38.12,81.65,1,1
24.55,66.50,0,0
48.87,34.79,1,0
48.50,55.98,1,0
20.07,94.45,0,1
29.89,70.91,0,1
22.04,67.68,0,0
21.39,48.82,0,0
11.48,55.79,0,0
34.38,92.67,1,1
30.11,76.65,0,1
12.06,85.12,0,1
21.15,61.80,0,0
46.33,74.12,1,1
19.58,47.39,0,0
15.80,79.38,0,1
29.58,59.93,0,0
49.43,60.98,1,0
19.68,75.45,0,1
36.89,95.54,1,1
40.46,34.48,1,0
19.51,87.73,0,1
39.13,50.47,1,0
24.71,61.07,0,0
35.29,31.53,1,0
35.34,51.07,1,0
31.43,65.18,0,0
13.61,33.93,0,0
43.41,64.38,1,0
22.83,94.90,0,1
17.46,37.38,0,0
11.63,83.51,0,1
33.64,58.68,0,0
37.10,75.86,1,1
10.66,48.22,0,0
30.48,41.16,0,0
19.06,41.23,0,0
35.81,34.93,1,0
16.97,43.00,0,0
37.64,76.50,1,1
25.47,91.72,0,1
47.47,86.99,1,1
15.50,77.96,0,1
23.64,37.73,0,0
14.54,50.24,0,0
46.99,51.69,1,0
45.09,47.50,1,0
20.32,66.05,0,0
36.40,67.49,1,0
42.69,54.98,1,0
32.21,54.77,1,0
31.19,88.00,0,1
19.67,85.25,0,1
13.72,51.55,0,0
45.89,93.97,1,1
46.02,96.70,1,1
35.32,52.87,1,0
23.56,54.81,0,0
23.97,65.39,0,0
39.04,95.88,1,1
45.88,91.34,1,1
45.48,37.18,1,0
41.20,57.49,1,0
35.68,68.74,1,0
13.37,65.22,0,0
16.47,43.57,0,0
45.94,90.12,1,1
34.26,77.39,1,1
10.37,88.65,0,1
14.06,90.11,0,1
36.54,82.38,1,1
10.20,60.74,0,0
16.43,72.74,0,1
31.95,41.23,0,0
37.68,77.16,1,1
36.08,42.55,1,0
18.97,78.58,0,1
38.49,46.07,1,0
19.49,38.23,0,0
23.02,41.57,0,0
39.86,30.14,1,0
35.99,80.31,1,1
43.97,81.27,1,1
36.30,66.05,1,0
32.73,41.30,1,0
13.75,35.85,0,0
24.71,31.34,0,0
20.61,41.60,0,0
19.76,92.36,0,1
48.92,46.91,1,0
25.72,54.80,0,0
45.68,37.37,1,0
35.25,45.57,1,0
41.79,66.35,1,0
30.11,72.54,0,1
33.08,47.17,0,0
29.70,34.04,0,0
17.81,57.37,0,0
38.90,46.39,1,0
21.23,45.37,0,0
10.97,97.19,0,1
35.82,73.14,1,1
17.08,68.98,0,1
47.62,59.10,1,0
48.16,60.03,1,0
46.59,67.86,1,0
24.81,78.75,0,1
10.62,79.15,0,1
47.13,42.02,1,0
27.13,65.01,0,0
48.67,58.84,1,0
48.54,90.94,1,1
44.12,74.20,1,1
21.78,67.28,0,0
25.40,38.08,0,0
44.05,72.39,1,1
22.68,38.20,0,0
16.78,53.60,0,0
32.27,40.00,0,0
47.45,78.45,1,1
37.84,44.44,1,0
32.80,57.43,0,0
13.89,92.70,0,1
34.60,44.30,1,0
49.60,65.55,1,0
15.60,59.35,0,0
30.73,31.27,0,0
45.09,85.49,1,1
39.63,34.83,1,0
37.88,63.20,1,0
38.10,69.25,1,1
24.38,73.99,0,1
21.74,78.20,0,1
42.37,47.73,1,0
42.40,30.70,1,0
44.68,80.64,1,1
46.53,67.50,1,0
30.45,88.53,0,1
30.06,87.50,0,1
41.93,89.03,1,1
36.00,63.96,1,0
38.08,53.35,1,0
41.83,85.41,1,1
45.60,61.59,1,0
23.52,42.84,0,0
25.02,89.85,0,1
13.76,91.78,0,1
33.13,62.64,0,0
11.44,35.30,0,0
28.62,57.15,0,0
31.71,86.25,0,1
21.46,93.12,0,1
33.63,44.24,1,0
11.22,34.69,0,0
11.49,91.41,0,1
42.90,57.26,1,0
24.41,67.92,0,0
15.08,97.76,0,1
30.89,34.66,0,0
40.80,75.38,1,1
18.63,35.19,0,0
34.92,56.28,1,0
13.41,86.27,0,1
12.07,60.34,0,0
31.25,99.80,0,1
31.63,69.13,0,0
35.50,52.48,1,0
39.04,45.41,1,0
49.03,54.54,1,0
30.65,56.08,0,0
22.92,34.81,0,0
41.81,55.87,1,0
20.83,62.50,0,0
27.56,80.59,0,1
13.14,75.97,0,1
11.01,79.61,0,1
48.51,30.59,1,0
43.44,45.24,1,0
37.84,76.32,1,1
26.36,63.88,0,0
16.93,30.37,0,0
16.26,86.31,0,1
20.01,84.10,0,1
31.97,68.39,0,0
38.58,34.65,1,0
36.41,83.66,1,1
21.20,70.86,0,1
48.19,84.74,1,1
39.52,82.62,1,1
32.17,86.21,0,1
34.47,66.26,1,0
26.78,39.82,0,0
19.91,76.98,0,1
24.24,73.43,0,1
40.31,81.96,1,1
10.58,41.89,0,0
14.64,43.65,0,0
11.84,92.33,0,1
11.63,82.50,0,1
44.22,93.58,1,1
38.15,83.11,1,1
28.97,71.80,0,1
13.91,75.79,0,1
29.66,92.24,0,1
28.94,70.52,0,0
16.93,74.27,0,1
27.35,40.95,0,0
25.94,63.17,0,0
34.63,80.15,1,1
35.40,48.97,1,0
11.81,44.16,0,0
24.98,51.97,0,0
35.03,46.91,1,0
30.13,45.04,0,0
44.26,59.74,1,0
36.35,93.55,1,1
16.52,65.49,0,0
12.82,43.15,0,0
35.70,35.39,1,0
11.06,78.73,0,1
33.43,56.80,0,0
47.61,87.53,1,1
33.02,76.17,0,1
25.53,85.74,0,1
35.73,49.04,1,0
28.33,78.47,0,1
31.82,48.48,0,0
47.66,95.73,1,1
25.44,74.55,0,1
48.45,52.72,1,0
46.21,48.87,1,0
17.83,43.36,0,0
12.77,78.62,0,1
14.03,45.31,0,0
10.73,71.67,0,0
13.78,48.52,0,0
37.32,76.34,1,1
12.85,87.05,0,1
22.76,84.46,0,1
43.80,83.26,1,1
10.93,43.14,0,0
42.58,36.19,1,0
21.27,78.93,0,1
14.73,55.78,0,0
37.87,60.26,1,0
35.16,32.18,1,0
45.10,48.17,1,0
39.40,32.36,1,0
42.14,91.54,1,1
21.28,47.04,0,0
17.10,69.01,0,0
40.02,32.73,1,0
42.27,76.68,1,1
49.62,52.61,1,0
26.50,92.85,0,1
24.88,92.17,0,1
41.06,52.77,1,0
23.63,93.07,0,1
47.23,99.73,1,1
44.34,87.78,1,1
27.16,89.14,0,1
40.03,47.43,1,0
40.18,70.37,1,1
14.12,34.71,0,0
46.10,36.64,1,0
30.21,99.92,0,1
43.06,52.86,1,0
22.80,82.37,0,1
45.82,86.47,1,1
25.57,90.06,0,1
10.43,99.83,0,1
46.22,46.90,1,0
13.65,32.82,0,0
22.77,58.78,0,0
48.00,39.11,1,0
48.02,31.57,1,0
32.94,55.23,1,0
35.27,84.86,1,1
27.94,69.63,0,1
21.73,51.89,0,0
23.15,75.80,0,1
36.90,46.24,1,0
40.09,31.01,1,0
41.66,83.50,1,1
41.58,73.66,1,1
13.65,83.36,0,1
29.78,32.73,0,0
12.30,88.60,0,1
31.98,73.37,1,1
27.66,69.44,0,1
45.51,73.72,1,1
24.04,90.51,0,1
14.68,71.09,0,1
15.72,70.67,0,1
40.46,99.35,1,1
34.73,82.97,1,1
14.04,60.96,0,0
13.36,79.52,0,1
38.04,57.25,1,0
12.91,46.02,0,0
42.87,71.78,1,1
38.25,94.97,1,1
13.25,95.04,0,1
13.39,53.93,0,0
49.47,66.94,1,0
24.97,44.81,0,0
24.83,99.69,0,1
42.51,98.68,1,1
47.89,75.47,1,1
49.44,86.31,1,1
40.14,80.06,1,1
25.05,71.52,0,0
13.34,33.73,0,0
41.09,61.83,1,0
32.34,77.24,0,1
26.97,77.43,0,1
46.25,56.12,1,0
14.45,95.92,0,1
29.71,41.71,0,0
10.45,65.03,0,0
28.75,78.36,0,1
12.25,78.80,0,1
14.75,75.40,0,1
14.70,49.27,0,0
35.97,40.93,1,0
39.84,74.52,1,1
33.33,71.95,0,1
48.49,42.55,1,0
24.99,79.36,0,1
21.43,61.86,0,0
44.74,76.74,1,1
18.94,88.62,0,1
48.53,41.88,1,0
10.49,31.34,0,0
48.80,84.54,1,1
11.73,72.68,0,1
45.65,78.97,1,1
31.11,88.67,0,1
49.72,86.20,1,1
12.95,97.26,0,1
32.15,67.52,0,0
48.77,64.19,1,0
30.92,58.13,0,0
35.18,40.76,1,0
37.83,70.08,1,0
28.18,49.39,0,0
35.10,94.49,1,1
33.37,70.82,1,1
46.05,71.50,1,0
11.82,54.84,0,0
21.24,33.64,0,0
48.02,32.22,1,0
45.61,59.63,1,0
28.23,35.92,0,0
34.81,72.48,1,1
21.10,91.67,0,1
17.52,91.80,0,1
28.55,76.13,0,1
24.13,44.79,0,0
33.35,90.41,1,1
13.11,92.03,0,1
48.98,43.77,1,0
49.45,81.62,1,1
37.93,50.06,1,0
31.44,86.18,0,1
22.38,99.81,0,1
42.55,32.10,1,0
37.39,92.82,1,1
16.50,73.58,0,1
46.44,98.14,1,1
42.90,62.55,1,0
47.99,89.32,1,1
39.03,34.37,1,0
34.54,53.47,1,0
26.73,34.69,0,0
47.31,98.27,1,1
44.64,87.19,1,1
11.81,89.68,0,1
11.05,95.66,0,1
25.06,35.96,0,0
42.42,56.99,1,0
49.49,34.97,1,0
16.02,44.76,0,0
33.77,46.06,1,0
25.24,62.84,0,0
48.80,48.80,1,0
43.68,37.07,1,0
43.53,41.72,1,0
28.75,40.31,0,0
26.59,98.12,0,1
20.94,83.15,0,1
12.26,97.74,0,1
44.59,60.78,1,0
42.52,49.49,1,0
49.99,85.88,1,1
49.87,52.84,1,0
32.22,50.96,0,0
40.76,46.28,1,0
47.79,39.08,1,0
43.99,47.95,1,0
19.89,54.87,0,0
28.02,77.18,0,1
15.17,34.38,0,0
48.16,44.74,1,0
34.25,86.63,1,1
19.15,40.28,0,0
36.87,53.99,1,0
34.73,90.53,1,1
24.33,40.84,0,0
14.54,35.79,0,0
36.86,63.92,1,0
30.81,51.17,0,0
40.89,69.44,1,1
30.81,86.27,0,1
44.09,39.60,1,0
32.08,70.65,1,0
32.44,65.39,0,0
45.07,40.09,1,0
26.14,73.68,0,1
15.36,49.15,0,0
11.15,64.15,0,0
40.21,35.76,1,0
34.81,62.17,1,0
38.16,51.45,1,0
18.52,87.57,0,1
15.45,33.99,0,0
10.58,59.30,0,0
24.02,62.09,0,0
33.60,80.75,1,1
25.69,70.20,0,0
27.50,76.70,0,1
46.17,84.39,1,1
23.93,90.35,0,1
30.56,51.97,0,0
41.35,67.66,1,0
25.86,88.81,0,1
34.88,99.26,1,1
44.49,92.27,1,1
47.98,56.00,1,0
15.88,43.66,0,0
47.06,64.26,1,0
29.68,81.91,0,1
20.33,64.48,0,0
28.37,63.82,0,0
49.20,88.68,1,1
29.70,55.30,0,0
23.15,90.19,0,1
35.34,58.48,1,0
19.61,52.98,0,0
13.03,61.78,0,0
15.16,83.37,0,1
15.12,38.82,0,0
16.08,43.75,0,0
15.55,96.60,0,1
35.63,42.28,1,0
17.28,69.74,0,0
23.83,70.55,0,1
45.87,64.27,1,0
28.96,75.13,0,1
36.70,46.09,1,0
16.89,68.69,0,0
17.69,56.05,0,0
11.63,76.32,0,1
16.76,39.89,0,0
21.14,69.96,0,1
17.08,42.97,0,0
13.55,49.51,0,0
14.83,45.31,0,0
28.43,42.80,0,0
18.25,87.80,0,1
24.57,50.00,0,0
30.14,94.90,0,1
37.62,97.89,1,1
11.57,69.99,0,1
41.98,40.01,1,0
35.12,56.22,1,0
13.27,85.84,0,1
44.94,55.72,1,0
46.83,36.09,1,0
12.44,68.97,0,1
21.08,89.16,0,1
42.25,85.71,1,1
39.93,42.26,1,0
17.38,77.09,0,1
18.37,45.44,0,0
24.82,45.27,0,0
29.38,91.19,0,1
34.73,47.48,1,0
24.76,48.43,0,0
28.50,30.05,0,0
39.90,90.95,1,1
11.47,85.48,0,1
20.10,73.91,0,1
38.53,82.52,1,1
45.81,40.64,1,0
30.47,62.08,0,0
31.28,54.59,0,0
14.29,36.56,0,0
27.90,64.03,0,0
31.30,94.45,0,1
19.70,32.80,0,0
20.77,50.40,0,0
25.09,44.53,0,0
10.80,46.67,0,0
22.88,93.59,0,1
18.46,62.76,0,0
23.10,62.64,0,0
14.79,83.24,0,1
45.62,40.81,1,0
33.74,64.11,1,0
37.16,60.10,1,0
41.57,71.78,1,1
29.94,99.97,0,1
13.48,83.86,0,1
31.48,57.85,0,0
33.47,87.93,1,1
39.82,41.95,1,0
27.27,32.13,0,0
15.10,44.31,0,0
21.35,53.83,0,0
24.52,65.74,0,0
35.84,73.06,1,1
32.83,93.74,0,1
24.24,65.69,0,0
49.46,65.09,1,0
34.23,33.52,1,0
19.49,32.44,0,0
14.07,68.58,0,1
16.11,60.67,0,0
19.84,88.74,0,1
16.43,41.25,0,0
17.46,31.75,0,0
21.40,61.43,0,0
16.93,46.62,0,0
45.87,33.47,1,0
13.21,80.72,0,1
30.98,37.81,0,0
26.42,72.58,0,1
49.30,49.67,1,0
14.48,42.14,0,0
25.91,56.58,0,0
48.78,86.10,1,1
44.62,57.45,1,0
42.68,82.55,1,1
20.32,38.78,0,0
16.84,84.09,0,1
36.75,46.59,1,0
47.18,77.42,1,1
32.27,69.60,0,0
32.86,95.04,0,1
21.20,57.11,0,0
40.78,34.63,1,0
17.48,31.34,0,0
22.95,87.88,0,1
27.02,66.73,0,0
30.30,84.27,0,1
19.70,46.41,0,0
14.59,54.16,0,0
34.42,32.11,1,0
21.55,97.30,0,1
33.25,76.75,0,1
16.17,95.32,0,1
29.25,48.58,0,0
31.30,72.80,0,1
12.07,77.49,0,1
23.46,52.23,0,0
15.38,89.37,0,1
12.53,96.30,0,1
49.60,91.94,1,1
22.89,81.73,0,1
42.39,49.42,1,0
20.19,49.71,0,0
37.26,97.44,1,1
40.41,30.72,1,0
33.83,80.12,1,1
28.86,79.44,0,1
26.47,73.59,0,1
23.95,99.31,0,1
47.18,51.83,1,0
43.22,53.80,1,0
48.60,35.53,1,0
14.97,61.00,0,0
39.23,48.27,1,0
47.53,54.04,1,0
17.25,88.42,0,1
12.66,95.48,0,1
39.64,43.00,1,0
32.98,56.08,0,0
43.67,95.00,1,1
15.59,34.33,0,0
41.81,36.47,1,0
18.07,41.40,0,0
16.55,71.66,0,0
16.57,40.53,0,0
42.58,97.77,1,1
36.61,61.27,1,0
30.92,65.11,0,0
24.35,47.27,0,0
45.09,62.97,1,0
25.70,76.33,0,1
42.66,82.58,1,1
27.57,82.77,0,1
25.08,70.45,0,1
28.51,93.31,0,1
22.06,87.22,0,1
39.90,82.99,1,1
30.11,33.89,0,0
19.29,30.48,0,0
45.98,44.87,1,0
25.36,76.45,0,1
31.74,58.78,0,0
46.26,58.17,1,0
34.97,91.92,1,1
14.68,92.69,0,1
47.59,93.64,1,1
35.11,51.97,1,0
23.40,78.37,0,1
15.57,49.01,0,0
41.76,43.34,1,0
34.80,42.92,1,0
31.34,53.95,0,0
45.76,60.10,1,0
41.54,88.17,1,1
16.07,38.39,0,0
22.47,81.44,0,1
19.94,67.20,0,0
39.76,50.16,1,0
11.34,64.50,0,0
32.80,51.00,0,0
40.50,71.73,1,0
45.07,60.37,1,0
23.68,41.51,0,0
42.85,38.16,1,0
14.43,68.27,0,1
43.86,93.17,1,1
15.10,54.08,0,0
25.89,81.31,0,1
41.89,76.11,1,1
16.00,95.21,0,1
19.17,87.47,0,1
38.89,69.66,1,1
38.80,75.99,1,1
35.65,92.89,1,1
37.76,57.97,1,0
31.71,52.88,0,0
20.07,30.76,0,0
23.83,87.86,0,1
17.26,86.07,0,1
46.34,37.31,1,0
33.34,70.38,0,0
26.03,62.48,0,0
28.48,38.31,0,0
47.89,98.64,1,1
16.13,45.03,0,0
33.45,34.71,0,0
30.24,71.64,0,0
34.46,81.72,1,1
10.72,32.27,0,0
44.88,76.11,1,1
47.28,67.26,1,0
32.61,37.23,0,0
37.87,42.08,1,0
46.90,69.76,1,0
38.29,50.75,1,0
16.10,95.68,0,1
33.05,87.31,0,1
34.27,98.85,1,1
26.97,48.18,0,0
39.46,97.88,1,1
47.37,60.19,1,0
47.02,54.33,1,0
28.03,33.52,0,0
14.53,33.69,0,0
49.39,78.44,1,1
43.56,62.06,1,0
14.99,45.86,0,0
46.83,72.98,1,1
44.80,47.70,1,0
30.75,70.43,0,1
33.65,55.14,1,0
25.96,87.65,0,1
12.19,87.45,0,1
23.41,63.41,0,0
42.11,54.56,1,0
10.19,55.38,0,0
23.34,86.40,0,1
25.93,52.97,0,0
31.50,44.63,0,0
46.79,35.93,1,0
23.85,62.67,0,0
23.88,63.75,0,0
39.50,88.86,1,1
28.09,45.49,0,0
18.98,56.67,0,0
28.10,86.59,0,1
15.63,87.65,0,1
17.06,56.92,0,0
29.93,62.14,0,0
26.76,51.23,0,0
46.59,95.28,1,1
24.50,38.31,0,0
33.22,95.36,1,1
35.29,77.87,1,1
10.52,67.21,0,0
36.54,32.29,1,0
17.12,63.29,0,0
48.44,58.54,1,0
15.95,41.29,0,0
26.58,75.95,0,1
13.41,97.98,0,1
49.87,69.35,1,1
30.09,80.03,0,1
33.82,34.79,1,0
12.68,59.24,0,0
40.00,38.15,1,0
18.40,72.90,0,1
45.92,95.69,1,1
18.21,76.32,0,1
17.63,35.38,0,0
11.46,54.83,0,0
28.88,68.55,0,0
32.59,58.22,0,0
12.63,88.36,0,1
41.02,87.03,1,1
28.13,72.83,0,1
30.98,56.14,0,0
27.63,47.87,0,0
26.03,37.41,0,0
32.39,54.84,0,0
16.21,58.92,0,0
17.28,77.31,0,1
44.47,76.07,1,1
47.84,34.91,1,0
24.93,57.67,0,0
20.83,42.72,0,0
35.76,40.98,1,0
26.35,87.91,0,1
11.02,32.93,0,0
16.25,59.34,0,0
38.64,41.77,1,0
36.36,91.55,1,1
11.08,68.99,0,0
18.88,46.20,0,0
19.24,65.17,0,0
36.88,81.20,1,1
10.79,97.07,0,1
14.16,45.43,0,0
42.00,92.03,1,1
17.14,95.40,0,1
36.11,94.15,1,1
19.53,74.48,0,1
13.98,74.09,0,1
19.73,58.22,0,0
38.89,82.67,1,1
44.23,67.19,1,0
43.21,77.42,1,1
25.89,59.99,0,0
36.72,81.20,1,1
18.20,87.71,0,1
21.73,40.25,0,0
45.85,88.31,1,1
10.52,67.82,0,0
13.42,89.13,0,1
18.32,60.19,0,0
11.06,56.53,0,0
17.26,94.05,0,1
33.32,47.58,1,0
26.86,89.09,0,1
45.71,63.88,1,0
42.70,65.99,1,0
23.67,51.59,0,0
20.38,70.11,0,1
25.19,52.76,0,0
33.61,32.75,0,0
20.72,49.04,0,0
34.97,30.45,1,0
26.38,98.48,0,1
32.08,97.60,0,1
27.45,57.66,0,0
21.78,80.99,0,1
47.94,54.21,1,0
40.54,76.98,1,1
15.60,86.38,0,1
44.74,96.27,1,1
29.50,58.01,0,0
45.78,84.83,1,1
41.99,48.61,1,0
27.01,99.32,0,1
10.90,31.80,0,0
20.75,72.25,0,1
31.67,76.17,0,1
35.34,78.16,1,1
20.32,38.43,0,0
15.57,95.70,0,1
43.40,42.68,1,0
49.38,73.59,1,1
31.03,45.59,0,0
16.87,51.51,0,0
20.89,68.25,0,0
10.74,59.20,0,0
46.57,41.22,1,0
14.71,41.97,0,0
33.06,59.27,1,0
20.96,83.01,0,1
32.17,92.86,1,1
36.06,35.89,1,0
43.19,57.52,1,0
18.26,37.02,0,0
10.44,31.16,0,0
15.48,76.32,0,1
46.00,72.17,1,0
44.96,41.41,1,0
33.90,46.37,1,0
34.02,31.66,1,0
36.60,88.45,1,1
17.01,98.23,0,1
46.58,39.48,1,0
26.75,46.20,0,0
25.33,90.79,0,1
30.76,94.85,0,1
11.88,59.37,0,0
16.65,33.54,0,0
39.52,32.76,1,0
13.31,70.18,0,1
34.13,57.50,1,0
19.81,32.01,0,0
25.57,70.83,0,1
21.55,30.79,0,0
24.23,85.12,0,1
38.76,51.45,1,0
21.88,32.82,0,0
32.66,71.18,0,1
29.04,57.84,0,0
36.55,98.17,1,1
47.47,68.09,1,0
39.30,49.27,1,0
18.60,79.66,0,1
11.25,49.00,0,0
20.49,93.30,0,1
33.80,56.23,1,0
12.06,68.49,0,0
29.85,33.54,0,0
33.87,59.83,1,0
23.37,88.27,0,1
40.84,86.40,1,1
14.26,45.70,0,0
13.01,45.83,0,0
39.13,87.21,1,1
29.82,95.13,0,1
37.54,36.68,1,0
27.39,61.50,0,0
19.86,53.62,0,0
42.76,90.95,1,1
41.98,35.85,1,0
37.79,44.78,1,0
20.89,82.67,0,1
33.61,33.59,0,0
24.44,64.48,0,1
13.66,60.95,0,0
46.69,53.41,1,0
15.47,57.62,0,0
48.01,67.10,1,0
27.84,41.30,0,0
17.41,70.04,0,1
31.68,86.38,0,1
44.92,83.21,1,1
39.29,40.77,1,0
42.26,40.45,1,0
36.35,48.77,1,0
37.69,55.28,1,0
43.97,58.59,1,0
19.99,77.58,0,1
29.58,33.97,0,0
18.85,32.43,0,0
49.51,57.43,1,0
47.76,78.80,1,1
11.58,43.54,0,0
38.22,74.91,1,1
47.01,48.19,1,0
17.22,92.03,0,1
32.72,92.70,0,1
46.62,50.81,1,0
11.36,46.10,0,0
37.90,58.79,1,0
21.89,46.84,0,0
46.98,77.07,1,1
48.84,87.82,1,1
47.77,77.12,1,1
28.97,87.70,0,1
44.48,57.79,1,0
43.78,40.94,1,0
22.76,81.66,0,1
43.16,55.23,1,0
11.48,76.99,0,1
33.85,48.95,0,0
19.20,35.69,0,0
14.82,99.48,0,1
13.08,40.93,0,0
37.85,99.19,1,1
23.59,98.41,0,1
38.99,85.57,1,1
12.61,76.16,0,1
22.61,70.45,0,1
31.58,90.63,0,1
41.63,50.26,1,0
22.75,62.74,0,0
35.04,73.36,1,1
45.44,58.78,1,0
34.63,59.92,1,0
19.32,53.12,0,0
10.98,69.50,0,0
44.80,89.54,1,1
10.85,44.11,0,0
44.99,95.41,1,1
31.16,78.24,0,1
47.56,87.63,1,1
41.95,68.93,1,0
49.92,84.57,1,1
24.03,31.13,0,0
40.69,87.29,1,1
26.08,32.81,0,0
29.20,92.29,0,1
35.10,99.44,1,1
44.95,50.58,1,0
49.36,44.72,1,0
40.73,83.58,1,1
26.71,47.71,0,0
26.85,90.59,0,1
39.50,37.20,1,0
19.55,38.82,0,0
14.42,98.54,0,1
24.18,77.17,0,1
21.49,89.28,0,1
21.85,52.70,0,0
19.34,77.35,0,1
11.68,71.60,0,1
10.71,72.22,0,0
49.51,77.78,1,1
27.11,70.28,0,1
25.37,60.03,0,0
37.19,49.31,1,0
18.73,83.80,0,1
48.00,45.84,1,0
41.45,78.46,1,1
13.58,46.33,0,0
26.70,73.77,0,1
45.16,82.30,1,1
47.79,45.31,1,0
28.70,34.20,0,0
34.54,39.17,1,0
16.68,72.42,0,1
49.65,89.46,1,1
19.27,33.15,0,0
47.71,81.39,1,1
35.99,53.89,1,0
34.31,63.50,1,0
30.51,95.02,0,1
19.23,53.24,0,0
17.06,62.57,0,0
18.82,30.96,0,0
17.46,35.71,0,0
41.18,48.10,1,0
24.01,31.95,0,0
12.31,74.20,0,1
48.76,59.85,1,0
45.35,68.37,1,0
47.11,42.23,1,0
49.80,50.72,1,0
16.96,76.47,0,1
25.85,97.57,0,1
40.33,33.53,1,0
37.84,92.33,1,1
16.16,70.38,0,1
42.63,69.47,1,0
18.98,65.02,0,0
18.95,34.86,0,0
31.48,36.29,0,0
33.72,72.06,1,1
33.20,53.87,0,0
13.66,94.21,0,1
45.10,58.46,1,0
20.62,40.03,0,0
15.18,80.03,0,1
45.55,50.53,1,0
48.23,66.78,1,0
44.49,78.85,1,1
42.38,93.02,1,1
36.21,85.45,1,1
32.03,77.35,0,1
13.48,77.57,0,1
26.34,96.21,0,1
24.91,50.71,0,0
20.39,30.08,0,0
38.94,49.04,1,0
29.84,45.25,0,0
13.24,76.33,0,1
18.81,74.36,0,1
37.33,71.54,1,1
13.05,31.14,0,0
44.05,81.01,1,1
29.81,52.65,0,0
29.22,76.55,0,1
33.70,68.96,1,0
42.99,53.99,1,0
23.91,39.42,0,0
37.12,36.61,1,0
32.63,88.21,0,1
20.68,94.29,0,1
45.15,75.49,1,1
41.90,37.24,1,0
36.34,58.14,1,0
44.02,81.03,1,1
44.69,84.59,1,1
38.33,38.28,1,0
43.48,30.00,1,0
37.90,79.85,1,1
37.21,54.96,1,0
34.74,47.81,1,0
40.11,30.90,1,0
16.34,67.82,0,0
45.23,89.58,1,1
44.87,97.03,1,1
11.17,69.60,0,1
43.03,66.01,1,0
15.15,35.95,0,0
23.40,68.42,0,0
39.74,56.60,1,0
16.43,72.50,0,1
42.72,57.21,1,0
43.29,46.82,1,0
30.30,36.65,0,0
10.26,52.04,0,0
21.48,36.77,0,0
34.68,42.38,1,0
49.25,99.11,1,1
35.27,61.09,1,0
20.39,67.23,0,0
35.36,91.15,1,1
31.60,99.69,0,1
41.19,70.79,1,1
14.28,86.87,0,1
40.44,52.89,1,0
31.65,51.40,0,0
48.52,58.19,1,0
23.67,77.08,0,1
35.30,77.75,1,1
47.28,52.07,1,0
14.10,39.32,0,0
47.49,74.27,1,1
37.52,38.98,1,0
12.71,70.49,0,1
22.04,78.54,0,1
38.33,79.04,1,1
12.69,82.74,0,1
33.29,91.10,1,1
23.84,65.00,0,0
34.84,81.12,1,1
11.83,73.34,0,1
44.86,43.06,1,0
48.94,31.80,1,0
48.76,49.92,1,0
39.99,61.01,1,0
15.20,73.20,0,1
40.33,89.50,1,1
10.98,43.74,0,0
10.88,38.79,0,0
22.94,97.44,0,1
29.55,37.56,0,0
40.82,63.49,1,0
37.33,70.99,1,1
27.84,67.90,0,0
20.95,36.02,0,0
49.88,33.99,1,0
27.05,37.38,0,0
28.06,70.99,0,1
16.54,68.10,0,0
41.79,46.36,1,0
37.75,74.64,1,1
18.83,87.40,0,1
13.30,32.91,0,0
37.22,64.87,1,0
36.18,78.25,1,1
20.93,47.66,0,0
48.03,51.54,1,0
16.04,72.95,0,1
27.29,92.86,0,1
47.74,86.69,1,1
26.79,70.82,0,0
35.54,81.12,1,1
25.90,55.54,0,0
20.97,74.87,0,1
49.36,62.63,1,0
26.37,43.30,0,0
45.76,79.12,1,1
19.20,68.95,0,0
18.52,55.10,0,0
11.25,93.79,0,1
36.07,31.47,1,0
24.74,52.10,0,0
44.57,33.98,1,0
28.93,83.66,0,1
48.73,79.15,1,1
17.42,53.19,0,0
44.74,77.30,1,1
41.06,57.72,1,0
40.84,82.94,1,1
43.79,61.79,1,0
40.44,58.86,1,0
35.05,95.43,1,1
15.25,47.56,0,0
11.30,38.43,0,0
46.83,70.92,1,1
34.67,97.85,1,1
41.86,56.45,1,0
29.26,34.34,0,0
14.69,53.75,0,0
15.01,65.42,0,0
37.42,41.33,1,0
27.21,76.07,0,1
18.02,99.84,0,1
29.66,61.62,0,0
12.57,54.83,0,0
33.28,58.05,1,0
20.76,38.06,0,0
41.90,91.83,1,1
22.41,59.04,0,0
28.21,57.11,0,0
10.46,76.18,0,1
12.90,60.94,0,0
25.70,75.38,0,1
29.20,34.30,0,0
34.00,86.96,1,1
21.67,95.84,0,1
37.80,75.41,1,1
44.40,96.82,1,1
41.19,40.60,1,0
11.58,63.42,0,0
29.22,72.13,0,1
14.20,70.72,0,1
19.68,58.10,0,0
49.47,53.67,1,0
15.70,38.88,0,0
29.96,57.42,0,0
34.73,41.39,1,0
38.10,81.41,1,1
32.39,44.62,0,0
10.39,34.10,0,0
23.06,68.67,0,0
30.71,71.67,0,1
13.51,91.03,0,1
24.03,70.39,0,1
11.33,54.18,0,0
13.14,86.21,0,1
25.88,67.82,0,0
15.31,35.55,0,0
32.70,69.61,0,0
37.58,93.56,1,1
42.02,57.74,1,0
18.01,50.74,0,0
16.70,40.04,0,0
14.18,40.60,0,0
35.46,60.29,1,0
38.26,71.70,1,1
11.26,35.64,0,0
47.45,95.77,1,1
12.08,82.86,0,1
31.65,71.06,0,1
38.36,87.99,1,1
44.84,35.61,1,0
38.56,63.38,1,0
42.07,74.11,1,1
23.58,88.01,0,1
42.59,84.84,1,1
13.20,49.39,0,0
45.79,95.86,1,1
31.90,38.70,0,0
42.69,91.26,1,1
28.09,97.97,0,1
35.74,42.40,1,0
31.06,80.54,0,1
39.26,32.82,1,0
13.27,58.38,0,0
12.41,66.14,0,0
19.88,70.65,0,1
16.38,95.52,0,1
44.87,77.06,1,1
18.77,63.69,0,0
49.03,86.68,1,1
23.48,96.54,0,1
17.28,31.54,0,0
41.59,98.78,1,1
36.35,36.03,1,0
29.93,87.01,0,1
32.21,49.62,0,0
38.77,39.25,1,0
19.14,60.79,0,0
49.85,75.08,1,1
48.99,56.67,1,0
36.01,33.82,1,0
17.98,71.96,0,1
37.21,93.17,1,1
12.89,56.83,0,0
11.23,45.14,0,0
20.31,60.98,0,0
28.50,33.39,0,0
44.73,87.43,1,1
39.09,87.84,1,1
39.71,71.16,1,1
27.02,54.72,0,0
23.84,85.98,0,1
24.84,68.83,0,0
49.51,87.82,1,1
11.60,74.20,0,1
44.68,84.91,1,1
33.15,71.90,1,1
27.54,58.99,0,0
39.01,97.06,1,1
29.47,67.88,0,1
44.94,72.36,1,1
46.03,45.43,1,0
26.87,73.80,0,1
21.07,70.01,0,1
33.69,42.94,1,0
46.49,34.17,1,0
18.43,72.31,0,1
34.92,83.46,1,1
35.26,66.64,1,0
39.32,45.87,1,0
15.26,76.66,0,1
38.63,35.61,1,0
46.36,60.93,1,0
17.19,41.44,0,0
19.50,42.91,0,0
48.86,44.16,1,0
17.24,57.07,0,0
44.18,33.58,1,0
29.69,57.85,0,0
19.89,65.82,0,0
44.83,63.83,1,0
27.81,56.79,0,0
30.59,88.74,0,1
24.37,40.17,0,0
33.72,65.40,0,0
16.54,34.34,0,0
25.64,34.98,0,0
48.78,70.17,1,1
20.33,69.62,0,1
36.27,91.46,1,1
23.01,69.05,0,1
40.94,97.19,1,1
15.23,33.41,0,0
48.79,36.86,1,0
28.15,33.08,0,0
19.44,42.97,0,0
12.94,67.89,0,0
16.79,75.19,0,1
30.79,33.19,0,0
23.48,96.22,0,1
43.16,88.95,1,1
27.24,50.76,0,0
19.95,35.40,0,0
34.69,41.89,1,0
38.27,38.89,1,0
16.68,38.63,0,0
16.70,66.30,0,0
11.47,47.21,0,0
39.46,55.07,1,0
36.55,99.27,1,1
28.99,77.90,0,1
43.77,96.43,1,1
42.23,39.98,1,0
33.41,56.75,1,0
44.73,68.83,1,0
18.23,35.37,0,0
14.48,30.29,0,0
20.79,76.93,0,1
12.28,74.93,0,1
31.25,58.76,0,0
47.46,64.28,1,0
11.57,59.08,0,0
14.88,31.68,0,0
28.09,53.48,0,0
47.36,42.40,1,0
22.65,36.89,0,0
30.29,96.97,0,1
11.66,71.96,0,1
15.93,81.01,0,1
49.47,52.08,1,0
48.60,57.52,1,0
10.20,46.58,0,0
48.07,36.79,1,0
35.56,42.53,1,0
44.72,85.83,1,1
28.19,77.43,0,1
30.62,68.29,0,1
29.55,63.26,0,0
36.67,94.57,1,1
15.59,35.09,0,0
11.20,49.64,0,0
22.32,54.50,0,0
38.19,84.77,1,1
18.07,99.48,0,1
36.94,46.85,1,0
48.80,91.20,1,1
13.76,88.14,0,1
36.90,45.73,1,0
27.75,57.95,0,0
44.73,58.68,1,0
17.09,98.48,0,1
37.71,42.66,1,0
43.52,85.94,1,1
47.78,53.39,1,0
37.33,81.16,1,1
29.89,59.40,0,0
34.71,70.49,1,1
44.76,88.28,1,1
32.82,86.29,0,1
11.22,90.65,0,1
47.24,34.17,1,0
37.58,78.44,1,1
37.06,39.80,1,0
18.63,59.11,0,0
36.36,68.40,1,0
25.75,58.19,0,0
36.05,66.37,1,0
14.26,99.76,0,1
36.31,39.47,1,0
49.98,77.28,1,1
11.93,57.72,0,0
49.09,39.31,1,0
26.28,41.11,0,0
44.83,96.45,1,1
41.30,91.57,1,1
32.68,93.49,1,1
39.54,99.41,1,1
45.14,44.58,1,0
26.17,54.88,0,0
23.08,76.85,0,1
36.70,63.87,1,0
42.31,59.29,1,0
40.49,55.05,1,0
41.91,71.56,1,0
27.42,70.29,0,0
42.71,41.30,1,0
14.81,63.02,0,0
31.78,68.74,0,0
10.23,69.92,0,1
22.98,44.71,0,0
24.66,81.96,0,1
25.85,31.76,0,0
37.82,54.84,1,0
25.54,84.61,0,1
27.95,69.47,0,0
19.50,48.28,0,0
24.93,78.65,0,1
19.09,69.72,0,0
12.93,85.74,0,1
34.14,81.45,0,1
36.73,72.71,1,1
34.78,64.17,1,0
28.54,39.32,0,0
25.19,48.29,0,0
44.53,59.34,1,0
30.76,71.95,0,1
29.17,65.96,0,0
11.03,50.17,0,0
23.65,30.45,0,0
25.21,64.74,0,0
25.95,49.99,0,0
33.21,81.42,0,1
31.34,31.68,0,0
34.32,70.94,1,1
40.60,95.90,1,1
42.52,42.21,1,0
38.72,63.02,1,0
48.22,36.40,1,0
10.73,73.80,0,1
17.83,68.54,0,0
10.30,58.52,0,0
35.90,66.50,1,0
45.92,92.76,1,1
19.74,43.74,0,0
47.08,31.58,1,0
12.41,90.32,0,1
47.38,70.40,1,0
24.06,92.35,0,1
14.06,71.79,0,1
29.43,86.71,0,1
20.27,60.08,0,0
21.39,82.49,0,1
22.29,93.91,0,1
42.12,70.05,1,0
31.57,42.65,0,0
22.45,48.82,0,0
34.41,43.91,1,0
38.65,47.28,1,0
20.90,51.45,0,0
26.54,68.86,0,0
14.88,71.16,0,0
17.25,59.85,0,0
37.24,73.08,1,1
17.26,35.71,0,0
31.01,36.15,0,0
38.36,42.03,1,0
14.28,66.27,0,0
32.69,44.98,0,0
20.26,49.83,0,0
48.52,58.02,1,0
29.34,86.83,0,1
42.24,30.97,1,0
32.01,75.46,0,1
11.74,76.82,0,1
35.33,85.91,1,1
48.06,95.29,1,1
34.06,31.41,1,0
42.77,40.76,1,0
45.37,92.03,1,1
19.12,62.10,0,0
18.48,69.52,0,1
34.44,76.41,1,1
26.44,77.53,0,1
43.59,95.22,1,1
46.00,99.79,1,1
24.14,80.41,0,1
19.47,50.11,0,0
41.22,91.58,1,1
20.99,33.45,0,0
42.90,46.18,1,0
26.95,92.82,0,1
36.70,47.93,1,0
13.82,45.45,0,0
34.95,39.67,1,0
28.07,90.14,0,1
33.46,65.00,1,0
16.72,77.24,0,1
39.47,46.73,1,0
44.51,83.06,1,1
18.67,83.20,0,1
13.83,51.88,0,0
10.95,58.75,0,0
35.68,44.68,1,0
34.28,98.36,1,1
31.87,75.19,0,1
19.28,95.42,0,1
25.64,51.24,0,0
33.78,84.73,1,1
29.87,83.61,0,1
49.51,78.42,1,1
15.46,97.59,0,1
37.81,57.55,1,0
26.17,39.15,0,0
27.13,77.02,0,1
38.70,81.05,1,1
37.70,70.25,1,1
49.65,44.48,1,0
15.14,65.31,0,0
14.16,51.85,0,0
38.97,59.92,1,0
33.14,75.17,1,1
20.97,82.17,0,1
13.18,46.26,0,0
13.43,58.37,0,0
45.77,48.84,1,0
17.67,43.90,0,0
22.93,84.84,0,1
19.07,93.65,0,1
24.20,55.92,0,0
12.78,82.59,0,1
30.76,92.79,0,1
12.70,89.23,0,1
42.01,42.80,1,0
19.35,96.94,0,1
31.60,56.37,0,0
45.20,53.75,1,0
36.04,34.37,1,0
31.32,64.03,0,0
22.97,37.63,0,0
23.32,47.40,0,0
36.78,52.19,1,0
49.77,86.62,1,1
36.47,91.28,1,1
32.31,51.17,1,0
39.23,90.11,1,1
28.61,90.01,0,1
12.41,83.53,0,1
32.49,40.27,0,0
48.31,78.32,1,1
17.01,96.15,0,1
37.60,77.78,1,1
18.04,53.21,0,0
31.43,65.04,0,0
13.87,75.20,0,1
28.01,65.74,0,0
40.25,38.40,1,0
23.90,51.84,0,0
36.60,86.17,1,1
41.82,90.30,1,1
47.09,39.61,1,0
19.39,96.67,0,1
25.97,53.02,0,0
16.10,76.36,0,1
49.70,82.63,1,1
47.08,86.84,1,1
31.60,96.20,0,1
43.68,51.90,1,0
30.84,90.10,0,1
34.94,39.22,1,0
13.56,79.35,0,1
40.21,81.94,1,1
15.11,77.44,0,1
43.04,47.66,1,0
41.28,91.11,1,1
38.35,41.82,1,0
11.45,33.75,0,0
22.13,80.22,0,1
20.52,63.28,0,0
24.41,89.44,0,1
13.51,56.84,0,0
47.48,41.78,1,0
32.15,88.55,0,1
22.22,68.42,0,1
25.88,43.24,0,0
27.89,80.43,0,1
34.02,65.78,0,0
30.63,72.30,0,1
46.78,62.26,1,0
29.88,88.01,0,1
49.69,88.07,1,1
44.06,79.66,1,1
18.34,37.38,0,0
47.22,88.72,1,1
14.65,76.97,0,1
42.70,78.79,1,1
25.22,55.41,0,0
45.12,91.55,1,1
44.72,80.78,1,1
42.24,37.88,1,0
41.60,58.54,1,0
22.19,92.05,0,1
13.24,33.30,0,0
26.12,97.30,0,1
16.94,77.54,0,1
37.80,74.20,1,1
23.84,48.94,0,0
49.02,47.42,1,0
35.64,95.94,1,1
42.90,50.88,1,0
15.30,84.29,0,1
44.48,57.52,1,0
46.91,39.75,1,0
29.48,30.75,0,0
34.25,68.10,1,0
40.59,98.30,1,1
16.99,55.84,0,0
30.10,55.00,0,0
25.95,54.09,0,0
15.85,66.44,0,0
24.70,60.85,0,0
12.73,91.59,0,1
11.03,65.39,0,0
15.41,65.54,0,0
48.52,39.69,1,0
31.98,98.79,0,1
48.63,47.50,1,0
27.30,35.14,0,0
22.47,76.42,0,1
30.25,71.68,0,0
27.58,59.06,0,0
14.23,59.55,0,0
35.63,84.95,1,1
18.64,43.70,0,0
34.78,87.42,1,1
36.01,75.41,1,1
16.08,59.33,0,0
12.45,62.06,0,0
41.23,47.97,1,0
28.39,82.65,0,1
12.33,65.90,0,0
49.79,52.46,1,0
12.31,71.72,0,1
37.80,99.70,1,1
49.35,60.47,1,0
19.57,94.45,0,1
15.69,54.15,0,0
14.86,33.83,0,0
22.13,44.30,0,0
14.04,59.31,0,0
37.69,45.37,1,0
12.49,30.02,0,0
30.38,94.05,0,1
49.87,89.07,1,1
42.56,81.96,1,1
34.61,41.75,1,0
22.25,38.43,0,0
34.96,34.73,1,0
31.08,80.68,0,1
27.04,95.02,0,1
15.23,60.14,0,0
45.46,38.34,1,0
27.99,65.87,0,0
17.78,54.42,0,0
24.71,56.24,0,0
26.57,73.49,0,1
43.10,80.31,1,1
39.34,37.74,1,0
40.77,32.49,1,0
10.44,99.60,0,1
26.65,46.29,0,0
29.25,33.77,0,0
10.77,43.29,0,0
20.39,32.73,0,0
40.41,57.43,1,0
15.48,86.17,0,1
31.41,53.89,0,0
18.61,61.09,0,0
10.48,77.29,0,1
19.65,65.62,0,0
49.03,90.30,1,1
42.06,90.62,1,1
48.38,30.69,1,0
29.51,84.46,0,1
14.39,62.25,0,0
31.92,99.22,0,1
28.18,63.83,0,0
43.77,99.08,1,1
13.92,82.82,0,1
29.53,47.40,0,0
16.00,67.69,0,1
22.99,99.45,0,1
39.49,90.03,1,1
29.04,36.82,0,0
25.04,79.45,0,1
25.78,54.19,0,0
28.38,30.49,0,0
41.40,58.24,1,0
45.68,46.43,1,0
48.21,87.32,1,1
41.48,53.61,1,0
22.62,87.93,0,1
37.53,30.04,1,0
27.50,51.55,0,0
20.19,46.88,0,0
43.63,46.35,1,0
11.54,34.77,0,0
46.07,43.10,1,0
28.46,68.89,0,0
35.49,50.40,1,0
36.37,59.22,1,0
45.80,56.38,1,0
35.47,91.31,1,1
34.56,93.37,1,1
12.67,64.51,0,0
30.74,53.11,0,0
16.01,37.48,0,0
39.50,96.74,1,1
30.49,34.22,0,0
37.21,50.84,1,0
11.67,50.86,0,0
13.39,52.43,0,0
38.65,41.50,1,0
12.88,84.82,0,1
12.85,38.57,0,0
10.48,74.44,0,1
48.26,38.67,1,0
39.50,34.94,1,0
24.13,93.66,0,1
21.86,43.31,0,0
23.99,87.49,0,1
40.99,68.12,1,1
36.45,35.45,1,0
17.41,96.88,0,1
16.96,47.29,0,0
13.94,90.18,0,1
36.41,41.82,1,0
40.57,89.78,1,1
20.60,30.93,0,0
10.84,65.82,0,0
13.29,83.86,0,1
48.71,95.44,1,1
21.82,93.64,0,1
40.77,87.37,1,1
34.99,92.17,1,1
25.28,43.95,0,0
18.23,49.89,0,0
14.86,50.23,0,0
34.60,56.39,1,0
40.99,57.53,1,0
35.76,68.12,1,0
31.21,41.19,0,0
11.68,78.39,0,1
48.74,41.73,1,0
41.95,51.72,1,0
21.71,65.23,0,0
49.20,85.75,1,1
34.08,81.76,1,1
33.30,75.19,1,1
39.92,40.90,1,0
42.47,68.29,1,0
36.26,36.12,1,0
15.12,56.42,0,0
23.53,58.95,0,0
47.12,32.79,1,0
18.98,49.18,0,0
24.89,96.90,0,1
27.28,96.75,0,1
27.58,54.66,0,0
34.52,33.02,1,0
47.72,42.54,1,0
19.63,57.46,0,0
14.86,96.34,0,1
17.90,39.88,0,0
45.48,83.45,1,1
35.83,37.61,1,0
21.44,98.69,0,1
42.64,56.71,1,0
44.45,84.27,1,1
43.86,53.98,1,0
46.76,73.94,1,1
20.09,43.44,0,0
40.20,40.22,1,0
28.42,95.66,0,1
43.68,94.24,1,1
39.14,92.12,1,1
41.06,73.78,1,1
36.25,86.58,1,1
17.10,34.83,0,0
31.80,53.44,0,0
49.39,51.96,1,0
47.50,74.50,1,1
11.73,54.92,0,0
16.59,40.40,0,0
15.27,71.75,0,0
39.04,87.01,1,1
42.71,56.75,1,0
18.54,39.26,0,0
30.23,43.77,0,0
43.63,46.62,1,0
39.31,50.99,1,0
31.69,75.00,0,1
33.61,72.07,0,0
30.33,78.73,0,1
21.90,55.38,0,0
32.60,87.68,1,1
37.56,44.29,1,0
44.93,62.83,1,0
35.45,86.07,1,1
40.44,42.61,1,0
16.40,37.69,0,0
28.46,91.86,0,1
10.37,54.01,0,0
19.87,77.87,0,1
39.06,31.77,1,0
49.67,78.30,1,1
13.97,52.13,0,0
26.06,33.90,0,0
42.00,72.69,1,1
18.16,46.86,0,0
32.20,57.08,0,0
39.32,35.64,1,0
34.64,40.30,1,0
17.52,50.86,0,0
24.22,36.28,0,0
41.35,93.76,1,1
32.17,30.42,0,0
10.21,63.87,0,0
40.44,38.63,1,0
11.41,51.54,0,0
39.83,94.82,1,1
18.10,41.32,0,0
48.32,97.61,1,1
24.72,44.41,0,0
23.08,81.91,0,1
15.96,68.27,0,0
22.22,91.91,0,1
45.07,68.78,1,0
49.85,67.42,1,0
24.73,43.68,0,0
27.94,41.64,0,0
38.88,94.15,1,1
45.45,52.95,1,0
33.72,56.05,1,0
25.66,83.19,0,1
26.50,53.72,0,0
37.82,96.64,1,1
10.13,81.65,0,1
34.78,71.82,1,1
24.22,91.66,0,1
41.77,33.47,1,0
13.72,47.99,0,0
33.53,62.55,1,0
29.24,45.89,0,0
35.69,82.07,1,1
12.59,94.34,0,1
33.20,59.66,1,0
32.46,53.95,0,0
32.43,97.31,0,1
34.14,61.14,1,0
37.06,64.23,1,0
42.20,54.62,1,0
20.79,93.67,0,1
43.00,69.83,1,1
29.93,83.35,0,1
13.08,86.83,0,1
12.34,53.93,0,0
23.37,60.36,0,0
41.40,89.39,1,1
38.31,55.43,1,0
41.54,85.58,1,1
30.69,95.87,0,1
27.61,73.62,0,1
15.90,81.91,0,1
23.13,86.36,0,1
27.36,89.15,0,1
13.54,57.65,0,0
18.82,33.59,0,0
33.93,58.13,1,0
39.43,77.16,1,1
49.93,61.52,1,0
47.32,82.43,1,1
35.70,54.99,1,0
26.85,74.43,0,1
35.45,43.05,1,0
41.43,82.46,1,1
14.73,68.20,0,1
26.40,44.28,0,0
43.59,50.43,1,0
25.35,82.40,0,1
32.87,63.78,1,0
33.51,45.12,1,0
17.38,97.71,0,1
24.49,80.06,0,1
23.38,97.00,0,1
11.05,59.90,0,0
10.97,63.26,0,0
43.27,92.86,1,1
20.92,66.75,0,0
30.72,79.51,0,1
21.95,47.65,0,0
47.63,61.27,1,0
20.37,38.64,0,0
27.19,44.42,0,0
44.91,30.07,1,0
43.68,32.75,1,0
17.44,98.41,0,1
42.11,46.96,1,0
28.33,76.43,0,1
29.32,88.74,0,1
15.34,68.55,0,0
13.22,40.72,0,0
39.12,80.97,1,1
29.86,72.02,0,1
27.47,81.19,0,1
39.18,83.88,1,1
40.62,98.28,1,1
16.36,70.15,0,1
34.41,53.91,1,0
15.41,75.39,0,1
40.06,34.79,1,0
36.28,92.82,1,1
48.26,38.36,1,0
12.76,52.95,0,0
12.28,87.10,0,1
21.29,71.81,0,1
20.47,57.55,0,0
19.88,63.14,0,0
46.25,89.82,1,1
19.98,53.80,0,0
20.88,90.88,0,1
40.38,36.17,1,0
27.99,84.38,0,1
41.07,89.33,1,1
12.61,42.73,0,0
29.50,60.12,0,0
11.34,41.58,0,0
12.51,79.46,0,1
46.26,67.47,1,0
15.57,74.47,0,1
31.30,43.75,0,0
26.44,44.82,0,0
23.89,32.90,0,0
45.99,52.54,1,0
10.87,69.18,0,0
36.55,90.06,1,1
48.54,76.68,1,1
32.41,60.48,0,0
47.47,96.72,1,1
12.09,80.35,0,1
26.75,95.11,0,1
20.41,66.93,0,0
39.23,48.12,1,0
49.25,33.70,1,0
20.26,80.83,0,1
36.17,38.49,1,0
17.92,51.19,0,0
32.61,67.27,1,0
28.56,69.51,0,0
48.88,72.04,1,1
34.34,41.64,1,0
23.98,56.58,0,0
14.56,73.20,0,1
16.05,97.89,0,1
19.01,80.93,0,1
20.04,94.58,0,1
44.02,83.35,1,1
32.45,71.42,0,1
30.94,43.44,0,0
14.59,76.67,0,1
44.41,73.64,1,1
38.91,72.17,1,1
12.71,64.29,0,0
38.31,67.01,1,0
31.74,53.41,0,0
13.27,66.35,0,0
28.33,43.83,0,0
29.39,86.36,0,1
16.63,43.00,0,0
47.83,35.95,1,0
44.00,60.54,1,0
36.76,76.08,1,1
28.49,60.64,0,0
26.47,49.37,0,0
36.04,69.07,1,1
31.82,54.29,0,0
12.49,95.30,0,1
30.50,94.59,0,1
42.26,65.17,1,0
28.37,52.95,0,0
12.08,81.60,0,1
41.45,32.57,1,0
18.05,63.23,0,0
20.34,53.54,0,0
16.59,94.44,0,1
23.21,30.84,0,0
40.27,68.70,1,1
30.78,81.85,0,1
18.20,63.95,0,0
45.11,35.98,1,0
45.18,98.07,1,1
44.82,66.26,1,0
19.55,72.99,0,0
28.05,46.56,0,0
49.40,63.84,1,0
40.88,60.04,1,0
11.09,35.24,0,0
12.61,37.43,0,0
28.56,88.62,0,1
46.37,46.79,1,0
31.55,43.65,0,0
29.91,65.34,0,0
14.22,83.81,0,1
36.27,34.34,1,0
42.88,70.38,1,1
25.22,38.34,0,0
41.02,32.55,1,0
48.58,33.69,1,0
18.15,88.39,0,1
30.93,38.26,0,0
21.49,33.16,0,0
41.71,60.65,1,0
33.10,89.08,0,1
35.38,48.37,1,0
41.92,59.52,1,0
25.84,32.79,0,0
46.60,61.44,1,0
31.32,70.43,0,0
16.32,69.96,0,1
37.84,53.27,1,0
41.73,52.09,1,0
22.67,37.46,0,0
44.29,55.68,1,0
46.25,36.96,1,0
21.08,83.66,0,1
49.34,97.64,1,1
15.63,97.91,0,1
18.08,90.55,0,1
17.37,72.06,0,1
45.76,79.06,1,1
36.17,49.96,1,0
16.08,74.15,0,1
27.61,61.90,0,0
34.61,63.74,1,0
13.34,83.04,0,1
45.30,49.73,1,0
42.14,52.26,1,0
30.21,94.72,0,1
48.69,33.94,1,0
26.71,63.99,0,0
49.36,93.90,1,1
36.72,72.73,1,1
35.39,68.25,1,0
16.64,47.48,0,0
45.28,54.03,1,0
27.10,89.64,0,1
16.49,69.15,0,1
10.50,66.03,0,0
32.39,36.97,0,0
31.10,31.12,0,0
38.77,97.46,1,1
45.61,56.39,1,0
13.18,72.22,0,1
39.26,35.58,1,0
17.50,77.82,0,1
44.33,95.28,1,1
42.76,70.30,1,0
31.63,38.83,0,0
38.41,70.72,1,1
22.57,83.64,0,1
28.85,58.45,0,0
42.87,91.59,1,1
28.37,75.41,0,1
24.31,92.95,0,1
29.77,73.65,0,1
43.13,39.19,1,0
23.41,51.68,0,0
16.95,44.13,0,0
38.48,93.62,1,1
43.04,83.23,1,1
14.03,77.35,0,1
19.59,51.07,0,0
15.68,42.88,0,0
23.92,82.95,0,1
28.01,63.19,0,0
39.95,45.81,1,0
36.05,73.16,1,1
34.84,32.82,1,0
24.09,52.83,0,0
43.66,62.80,1,0
28.85,40.36,0,0
49.16,98.93,1,1
35.37,44.64,1,0
15.05,39.12,0,0
37.05,44.25,1,0
23.00,83.83,0,1
37.45,59.79,1,0
12.79,69.58,0,0
17.00,31.47,0,0
44.23,32.41,1,0
19.09,61.21,0,0
43.48,87.17,1,1
21.17,91.97,0,1
35.72,36.07,1,0
37.77,67.69,1,0
30.51,93.93,0,1
22.21,57.16,0,0
18.51,88.07,0,1
11.33,39.36,0,0
22.16,95.48,0,1
36.13,82.60,1,1
47.53,95.89,1,1
44.85,77.36,1,1
40.64,55.44,1,0
41.54,95.67,1,1
36.60,49.29,1,0
20.41,53.25,0,0
46.29,79.06,1,1
36.83,83.57,1,1
32.42,95.06,0,1
14.44,44.34,0,0
27.88,85.86,0,1
28.41,81.70,0,1
44.58,34.47,1,0
31.87,57.11,0,0
25.22,49.79,0,0
49.07,51.31,1,0
14.43,98.81,0,1
26.90,74.99,0,1
11.68,80.24,0,1
39.60,98.36,1,1
46.72,56.40,1,0
21.20,86.13,0,1
44.33,60.42,1,0
21.69,90.87,0,1
46.43,42.65,1,0
40.16,96.34,1,1
42.20,45.31,1,0
10.72,52.84,0,0
48.51,82.93,1,1
39.07,57.56,1,0
22.19,72.57,0,1
43.18,61.12,1,0
21.26,81.97,0,1
44.91,45.98,1,0
14.50,34.09,0,0
38.15,51.00,1,0
31.63,63.20,0,0
13.86,41.76,0,0
19.68,54.84,0,0
10.50,58.00,0,0
28.75,34.02,0,0
22.05,70.83,0,1
33.93,91.90,1,1
21.89,40.62,0,0
22.00,71.85,0,1
39.73,76.53,1,1
11.93,59.35,0,0
46.12,79.08,1,1
44.09,58.75,1,0
36.71,65.32,1,0
33.73,30.51,1,0
45.69,78.42,1,1
17.41,76.29,0,1
13.16,32.69,0,0
19.58,55.78,0,0
41.78,98.53,1,1
11.39,59.45,0,0
33.31,65.14,1,0
49.82,93.70,1,1
44.23,80.21,1,1
30.86,70.74,0,0
12.55,85.85,0,1
43.25,90.51,1,1
33.96,61.98,0,0
14.60,63.26,0,0
13.75,57.02,0,0
46.39,97.67,1,1
36.77,78.80,1,1
43.17,35.83,1,0
45.16,90.41,1,1
32.87,63.64,1,0
30.70,34.81,0,0
27.22,68.48,0,0
22.68,59.20,0,0
27.38,91.44,0,1
40.96,44.28,1,0
34.08,87.85,1,1
45.70,69.04,1,1
27.74,33.82,0,0
34.28,98.03,1,1
35.25,65.88,1,0
33.67,50.36,1,0
38.11,62.86,1,0
19.50,90.05,0,1
30.49,51.34,0,0
14.17,43.49,0,0
25.38,39.03,0,0
29.51,50.85,0,0
36.09,84.60,1,1
48.02,63.01,1,0
34.03,45.92,1,0
39.74,41.63,1,0
30.25,53.29,0,0
35.36,95.79,1,1
12.84,54.01,0,0
20.18,99.17,0,1
24.47,63.97,0,0
28.90,42.54,0,0
11.83,92.38,0,1
15.60,62.22,0,0
21.07,79.68,0,1
48.86,98.86,1,1
23.25,33.51,0,0
29.28,36.77,0,0
17.84,80.43,0,1
34.43,49.73,1,0
21.23,42.90,0,0
18.28,32.76,0,0
30.66,31.53,0,0
10.22,84.21,0,1
10.31,39.41,0,0
18.76,62.74,0,0
11.47,72.41,0,1
14.32,59.98,0,0
23.55,31.90,0,0
42.10,84.85,1,1
32.88,30.74,0,0
30.51,83.33,0,1
21.74,92.53,0,1
47.27,60.30,1,0
25.88,67.49,0,0
13.48,63.39,0,0
34.68,57.24,1,0
14.55,92.12,0,1
23.81,92.58,0,1
30.30,53.51,0,0
44.97,73.05,1,1
29.74,94.88,0,1
38.09,97.34,1,1
49.71,65.63,1,0
15.26,61.70,0,0
20.99,49.51,0,0
25.78,97.12,0,1
26.87,40.00,0,0
26.44,70.59,0,1
46.30,49.78,1,0
38.56,49.53,1,0
34.32,58.35,1,0
22.37,99.92,0,1
42.95,33.85,1,0
48.20,70.50,1,0
42.85,35.78,1,0
10.06,40.82,0,0
35.46,60.77,1,0
12.05,65.73,0,0
20.30,48.12,0,0
12.38,52.15,0,0
34.15,36.09,1,0
37.46,51.23,1,0
14.58,97.66,0,1
25.35,96.13,0,1
28.25,53.44,0,0
24.76,69.96,0,0
14.84,93.67,0,1
26.76,30.43,0,0
40.05,86.75,1,1
12.84,96.39,0,1
13.21,36.39,0,0
24.19,41.30,0,0
47.67,97.25,1,1
36.74,67.63,1,0
37.15,30.99,1,0
24.48,48.03,0,0
33.75,61.50,1,0
10.41,78.50,0,1
35.44,81.32,1,1
46.53,99.68,1,1
34.50,50.13,1,0
44.95,67.68,1,0
38.96,67.33,1,0
14.82,58.40,0,0
46.10,41.84,1,0
12.66,98.42,0,1
31.36,89.73,0,1
15.69,64.88,0,0
10.47,72.23,0,0
26.88,45.91,0,0
21.80,68.07,0,0
29.44,78.65,0,1
33.09,66.06,1,0
11.75,99.32,0,1
14.92,72.79,0,1
32.35,55.97,0,0
23.73,84.05,0,1
39.17,41.93,1,0
36.09,56.92,1,0
43.82,54.29,1,0
37.70,60.23,1,0
27.20,84.72,0,1
36.92,63.89,1,0
21.02,85.58,0,1
22.25,70.35,0,1
41.56,53.94,1,0
27.86,86.70,0,1
41.94,46.68,1,0
42.90,45.71,1,0
44.30,65.32,1,0
46.67,48.26,1,0
27.24,30.64,0,0
22.75,75.38,0,1
33.29,65.78,0,0
24.85,61.19,0,0
34.04,97.69,1,1
38.22,69.98,1,1
37.54,90.44,1,1
24.98,39.76,0,0
16.67,69.84,0,0
27.22,90.76,0,1
15.70,70.82,0,1
45.60,80.26,1,1
23.84,56.04,0,0
16.18,36.47,0,0
11.02,62.05,0,0
35.83,57.61,1,0
35.48,90.69,1,1
23.62,47.08,0,0
12.87,97.67,0,1
26.39,97.07,0,1
22.45,47.33,0,0
37.08,54.36,1,0
34.23,92.69,1,1
24.58,97.66,0,1
18.72,61.04,0,0
49.52,52.47,1,0
28.16,66.83,0,0
37.53,78.14,1,1
15.62,49.14,0,0
29.42,81.55,0,1
11.10,33.62,0,0
30.22,33.45,0,0
48.56,57.04,1,0
25.37,54.74,0,0
11.56,52.09,0,0
11.24,64.37,0,0
25.52,52.45,0,0
16.40,43.46,0,0
10.93,51.66,0,0
40.25,98.24,1,1
28.34,58.78,0,0
21.57,61.13,0,0
46.00,70.36,1,0
14.65,98.83,0,1
48.24,46.91,1,0
22.56,77.69,0,1
45.54,80.12,1,1
34.12,72.51,1,1
43.07,36.20,1,0
49.36,77.38,1,1
21.54,34.49,0,0
48.45,71.73,1,1
25.58,81.77,0,1
25.42,44.77,0,0
23.62,88.91,0,1
31.66,32.12,0,0
16.17,89.07,0,1
32.15,62.22,0,0
31.67,45.23,0,0
40.48,39.36,1,0
43.35,96.73,1,1
27.62,35.09,0,0
22.09,43.94,0,0
20.37,54.35,0,0
17.78,73.42,0,1
12.31,68.14,0,0
23.70,38.80,0,0
20.81,50.28,0,0
48.66,46.71,1,0
32.31,44.95,0,0
23.89,58.78,0,0
33.22,79.28,0,1
15.57,45.22,0,0
27.76,55.67,0,0
35.05,57.36,1,0
29.56,98.35,0,1
26.07,96.83,0,1
49.75,86.01,1,1
45.21,46.92,1,0
34.94,34.76,1,0
32.78,52.18,1,0
34.83,48.68,1,0
18.05,65.41,0,0
25.81,84.44,0,1
11.58,90.08,0,1
29.02,89.14,0,1
31.72,55.18,0,0
19.11,78.11,0,1
48.56,51.90,1,0
46.38,34.26,1,0
38.89,79.11,1,1
31.34,30.69,0,0
44.80,58.64,1,0
15.23,53.06,0,0
41.62,78.54,1,1
14.99,83.64,0,1
41.77,51.29,1,0
21.03,86.81,0,1
45.08,50.57,1,0
47.76,61.24,1,0
15.95,80.89,0,1
28.51,78.50,0,1
49.24,99.12,1,1
29.34,45.76,0,0
44.54,76.36,1,1
33.55,72.68,1,1
25.01,94.06,0,1
21.43,40.95,0,0
18.13,82.63,0,1
40.47,69.78,1,1
25.46,49.23,0,0
30.45,63.21,0,0
29.69,53.36,0,0
33.09,70.55,1,0
44.62,92.23,1,1
49.23,69.85,1,1
26.30,74.22,0,1
43.10,66.31,1,0
40.58,33.58,1,0
32.94,46.30,0,0
48.24,64.44,1,0
18.02,51.72,0,0
14.37,42.72,0,0
44.16,65.29,1,0
27.57,52.60,0,0
43.88,48.07,1,0
45.72,62.48,1,0
12.50,39.33,0,0
45.34,94.94,1,1
27.93,90.74,0,1
30.42,79.53,0,1
35.06,37.43,1,0
47.06,84.31,1,1
10.76,86.56,0,1
29.07,83.74,0,1
37.51,37.98,1,0
38.91,75.07,1,1
37.70,88.40,1,1
15.38,70.41,0,0
21.98,75.25,0,1
24.35,62.09,0,0
42.18,67.01,1,0
21.15,32.41,0,0
18.43,74.73,0,1
48.30,35.70,1,0
10.35,60.45,0,0
49.91,50.49,1,0
37.07,68.18,1,0
43.14,39.34,1,0
21.78,78.42,0,1
10.57,85.65,0,1
39.51,41.43,1,0
43.37,37.30,1,0
39.62,40.19,1,0
15.71,91.40,0,1
40.14,66.97,1,0
40.76,62.71,1,0
36.34,37.47,1,0
40.64,75.47,1,1
43.84,90.76,1,1
34.54,87.97,1,1
13.54,73.82,0,1
29.51,35.27,0,0
13.11,37.87,0,0
26.30,33.45,0,0
26.28,48.02,0,0
12.64,39.50,0,0
23.95,48.20,0,0
14.44,56.95,0,0
42.33,96.01,1,1
47.91,72.73,1,1
12.89,88.45,0,1
48.20,79.72,1,1
30.90,37.88,0,0
21.98,81.51,0,1
13.07,49.26,0,0
30.02,74.74,0,1
41.78,53.87,1,0
38.28,99.84,1,1
12.01,48.45,0,0
12.92,49.54,0,0
26.11,95.15,0,1
21.81,31.73,0,0
19.30,78.77,0,1
21.24,80.77,0,1
42.14,88.55,1,1
47.17,98.21,1,1
26.20,98.29,0,1
46.24,34.57,1,0
22.86,87.53,0,1
29.06,75.24,0,1
19.04,75.31,0,1
35.62,38.98,1,0
49.16,75.51,1,1
34.14,98.77,1,1
24.31,93.83,0,1
35.91,60.74,1,0
14.92,32.80,0,0
45.55,55.36,1,0
30.12,87.85,0,1
27.97,79.10,0,1
33.43,62.15,0,0
34.99,33.86,1,0
12.87,59.88,0,0
37.30,62.83,1,0
19.68,95.00,0,1
38.56,74.88,1,1
42.90,51.82,1,0
42.16,66.77,1,0
32.10,34.62,0,0
30.81,98.08,0,1
15.72,55.20,0,0
41.01,63.45,1,0
20.86,54.87,0,0
29.87,77.78,0,1
21.37,76.36,0,1
15.35,80.07,0,1
35.18,48.77,1,0
12.17,52.10,0,0
39.95,38.77,1,0
22.70,75.89,0,1
10.01,32.79,0,0
30.45,71.84,0,1
11.87,90.88,0,1
21.05,92.36,0,1
38.28,61.43,1,0
12.51,62.15,0,0
43.57,35.39,1,0
10.15,76.95,0,1
19.87,87.49,0,1
39.64,47.13,1,0
22.65,59.49,0,0
14.08,88.72,0,1
24.41,91.40,0,1
20.82,47.02,0,0
43.71,68.54,1,0
22.53,43.47,0,0
41.56,37.13,1,0
45.67,93.78,1,1
27.35,87.44,0,1
46.40,83.20,1,1
25.09,33.41,0,0
48.56,89.06,1,1
13.57,60.66,0,0
37.48,53.97,1,0
29.75,68.25,0,0
25.51,36.39,0,0
35.31,82.97,1,1
38.15,70.77,1,0
10.17,43.06,0,0
16.68,43.18,0,0
38.52,42.90,1,0
36.66,33.99,1,0
48.64,71.15,1,0
40.44,88.82,1,1
48.03,31.22,1,0
38.10,33.43,1,0
21.92,70.09,0,1
14.21,87.36,0,1
41.27,52.87,1,0
35.77,54.47,1,0
11.93,71.74,0,1
24.40,49.19,0,0
48.27,31.86,1,0
30.02,81.47,0,1
27.31,73.80,0,1
28.31,70.65,0,1
18.36,81.92,0,1
24.75,77.27,0,1
24.79,44.41,0,0
12.09,54.67,0,0
40.70,38.83,1,0
26.66,39.09,0,0
42.89,77.33,1,1
44.01,90.10,1,1
18.48,97.39,0,1
36.29,73.98,1,1
28.89,42.89,0,0
45.21,37.40,1,0
18.63,86.90,0,1
37.11,70.51,1,0
34.31,73.28,1,1
21.81,84.70,0,1
15.46,79.23,0,1
36.07,88.41,1,1
39.54,33.93,1,0
22.63,82.33,0,1
35.79,89.56,1,1
25.81,50.03,0,0
38.53,74.83,1,1
17.97,51.99,0,0
45.61,97.06,1,1
21.50,32.34,0,0
24.71,70.59,0,1
12.32,41.66,0,0
14.46,79.86,0,1
30.63,42.31,0,0
20.70,46.48,0,0
43.42,64.61,1,0
10.59,94.04,0,1
25.16,44.82,0,0
23.49,40.10,0,0
10.77,83.13,0,1
14.97,65.04,0,0
26.55,93.82,0,1
29.71,40.26,0,0
26.17,75.21,0,1
31.24,46.30,0,0
33.81,40.97,1,0
10.40,77.84,0,1
28.56,71.56,0,1
48.54,82.84,1,1
30.76,51.66,0,0
37.10,61.36,1,0
22.47,58.38,0,0
40.96,98.89,1,1
40.92,50.46,1,0
30.85,50.64,0,0
49.04,54.82,1,0
15.02,69.52,0,1
10.68,47.66,0,0
40.81,94.07,1,1
42.29,48.60,1,0
14.81,92.71,0,1
20.62,37.24,0,0
10.70,75.96,0,1
21.73,93.49,0,1
40.93,41.81,1,0
30.72,97.78,0,1
23.92,61.70,0,0
24.87,96.20,0,1
10.05,77.38,0,1
21.99,51.11,0,0
35.86,43.18,1,0
48.97,51.26,1,0
43.88,36.51,1,0
10.94,40.07,0,0
45.94,37.33,1,0
41.33,59.61,1,0
41.22,85.69,1,1
28.32,39.90,0,0
25.92,39.12,0,0
22.12,75.04,0,1
12.63,43.80,0,0
19.13,36.83,0,0
19.86,41.68,0,0
29.36,94.66,0,1
39.90,87.50,1,1
28.95,54.78,0,0
12.31,75.91,0,1
48.31,67.61,1,0
47.71,77.40,1,1
41.41,77.79,1,1
49.65,74.01,1,1
31.78,48.63,0,0
48.51,32.73,1,0
13.02,61.89,0,0
24.63,92.37,0,1
19.02,69.86,0,0
17.83,88.27,0,1
15.63,99.41,0,1
34.90,41.45,1,0
41.25,78.42,1,1
33.13,77.20,1,1
15.88,98.60,0,1
42.44,98.99,1,1
35.44,78.07,1,1
25.53,47.05,0,0
36.97,85.90,1,1
20.40,37.49,0,0
23.81,84.65,0,1
46.70,93.71,1,1
21.62,56.80,0,0
28.80,74.14,0,1
45.61,60.11,1,0
38.31,60.64,1,0
12.49,51.73,0,0
15.89,83.35,0,1
10.31,95.53,0,1
35.24,95.85,1,1
27.91,42.23,0,0
15.37,91.23,0,1
48.32,81.62,1,1
31.19,47.70,0,0
19.68,34.71,0,0
30.02,48.76,0,0
37.18,93.85,1,1
13.05,74.32,0,1
20.99,80.47,0,1
42.28,48.00,1,0
28.39,80.36,0,1
31.86,31.97,0,0
27.31,56.27,0,0
11.76,73.87,0,1
16.63,40.23,0,0
27.82,87.61,0,1
18.37,46.45,0,0
12.00,75.66,0,1
43.75,58.36,1,0
49.25,71.72,1,1
41.73,37.52,1,0
44.15,31.18,1,0
19.68,93.67,0,1
48.43,48.87,1,0
17.88,87.38,0,1
48.06,99.95,1,1
49.79,44.80,1,0
38.47,48.56,1,0
49.25,76.40,1,1
32.78,97.58,0,1
20.38,94.11,0,1
27.48,65.20,0,0
33.74,85.66,1,1
12.92,39.50,0,0
34.89,98.42,1,1
49.25,97.50,1,1
17.60,41.46,0,0
41.70,50.96,1,0
46.32,37.01,1,0
47.75,49.02,1,0
48.41,87.12,1,1
30.86,56.48,0,0
49.09,36.19,1,0
40.29,53.96,1,0
16.47,98.70,0,1
29.08,74.08,0,1
38.73,59.13,1,0
19.89,41.66,0,0
35.62,99.03,1,1
36.66,87.46,1,1
16.51,49.70,0,0
32.60,34.90,0,0
40.87,33.96,1,0
29.96,38.43,0,0
10.48,70.65,0,1
10.36,95.01,0,1
24.28,64.77,0,0
47.05,89.01,1,1
19.15,61.21,0,0
35.37,79.60,1,1
18.88,81.23,0,1
22.87,42.18,0,0
43.92,55.29,1,0
39.15,74.61,1,1
13.82,34.95,0,0
27.15,55.31,0,0
11.17,67.44,0,0
29.24,99.74,0,1
36.50,63.22,1,0
14.74,87.12,0,1
21.56,60.24,0,0
25.91,85.75,0,1
46.78,71.68,1,1
49.73,92.06,1,1
11.80,58.77,0,0
40.44,72.30,1,0
24.87,74.10,0,1
25.70,59.22,0,0
40.17,40.10,1,0
46.74,36.55,1,0
48.04,31.17,1,0
33.08,91.15,0,1
24.28,46.55,0,0
41.50,44.81,1,0
20.04,81.52,0,1
32.56,52.40,1,0
24.34,65.42,0,1
36.27,41.38,1,0
19.62,97.18,0,1
17.66,89.61,0,1
46.73,90.47,1,1
14.07,58.47,0,0
30.24,83.37,0,1
18.83,40.07,0,0
11.56,30.60,0,0
11.44,31.40,0,0
17.01,71.06,0,1
44.67,61.88,1,0
21.30,66.26,0,0
48.02,30.52,1,0
33.26,59.59,0,0
27.46,80.26,0,1
33.20,60.99,0,0
30.67,81.26,0,1
40.35,46.31,1,0
21.30,86.92,0,1
24.12,71.19,0,0
45.76,44.75,1,0
47.86,46.57,1,0
45.70,73.96,1,1
26.78,88.10,0,1
41.21,59.09,1,0
29.05,48.08,0,0
29.90,90.69,0,1
18.19,76.85,0,1
33.65,61.37,1,0
17.45,64.15,0,0
23.26,44.30,0,0
44.20,73.88,1,1
18.28,55.11,0,0
12.85,99.70,0,1
12.76,63.61,0,0
47.63,64.01,1,0
30.28,69.61,0,1
26.38,94.17,0,1
42.44,86.06,1,1
43.43,61.58,1,0
23.29,80.31,0,1
37.74,71.04,1,1
40.84,64.47,1,0
36.19,43.46,1,0
16.06,62.48,0,0
45.04,47.21,1,0
31.56,94.04,0,1
21.30,53.48,0,0
27.01,96.66,0,1
11.50,67.31,0,0
15.11,74.21,0,1
40.62,68.01,1,0
10.00,39.06,0,0
26.66,56.31,0,0
30.90,36.94,0,0
12.19,73.61,0,1
48.92,61.28,1,0
19.05,84.46,0,1
22.17,45.43,0,0
22.16,41.52,0,0
19.22,58.44,0,0
10.06,94.86,0,1
39.17,79.73,1,1
48.67,59.32,1,0
18.97,66.21,0,1
36.52,35.89,1,0
39.68,98.92,1,1
43.94,76.65,1,1
26.91,49.98,0,0
22.12,71.01,0,1
23.01,37.66,0,0
38.50,97.61,1,1
42.67,42.23,1,0
17.26,75.36,0,1
24.84,47.18,0,0
46.08,80.23,1,1
42.27,84.38,1,1
49.39,77.14,1,1
40.17,73.01,1,1
25.73,92.47,0,1
33.63,35.50,1,0
36.44,53.16,1,0
13.14,47.38,0,0
31.78,99.16,0,1
38.37,57.26,1,0
16.69,81.28,0,1
41.23,77.93,1,1
33.35,44.85,1,0
48.09,46.73,1,0
11.70,49.69,0,0
20.61,58.78,0,0
34.06,46.40,1,0
21.86,31.38,0,0
38.58,91.56,1,1
40.36,97.59,1,1
14.10,53.91,0,0
30.55,53.70,0,0
30.36,30.50,0,0
24.77,77.62,0,1
47.32,87.78,1,1
43.10,40.26,1,0
37.89,41.18,1,0
38.57,85.31,1,1
28.47,73.14,0,1
46.84,33.14,1,0
37.78,73.58,1,1
39.16,51.62,1,0
44.47,55.81,1,0
20.96,83.88,0,1
42.28,86.77,1,1
17.81,58.02,0,0
23.81,96.30,0,1
23.42,58.45,0,0
49.14,84.03,1,1
44.26,63.87,1,0
38.05,92.83,1,1
39.08,93.54,1,1
32.48,36.12,1,0
47.88,95.55,1,1
29.85,87.79,0,1
25.22,85.39,0,1
16.52,44.06,0,0
41.45,86.36,1,1
39.38,89.51,1,1
25.37,50.24,0,0
11.01,96.66,0,1
43.56,33.49,1,0
10.46,40.49,0,0
38.15,67.63,1,0
48.81,70.31,1,1
27.51,75.16,0,1
19.40,31.19,0,0
38.19,97.23,1,1
42.69,33.12,1,0
31.86,40.01,0,0
48.68,30.98,1,0
12.07,69.68,0,1
30.19,95.26,0,1
38.74,76.62,1,1
44.51,87.59,1,1
17.17,30.93,0,0
42.00,67.94,1,0
32.11,62.17,1,0
25.86,64.93,0,0
15.27,35.05,0,0
44.61,77.91,1,1
16.29,65.23,0,0
22.39,83.56,0,1
21.60,63.97,0,0
44.86,40.46,1,0
